transaction_id,action,timestamp
PAY-1315E1DB,PAYMENT SUCCESS,2026-08-23 04:04:59
PAY-2B5F1A57,PAYMENT SUCCESS,2026-08-24 02:08:13
PAY-A375A016,PAYMENT SUCCESS,2026-08-24 02:18:59
PAY-9B0389D5,PAYMENT SUCCESS,2026-08-24 02:27:43
PAY-C4DD1B73,PAYMENT SUCCESS,2026-08-24 03:21:27
PAY-2C748DBC,PAYMENT SUCCESS,2026-08-24 03:26:32
PAY-13973FA9,PAYMENT SUCCESS,2026-08-24 03:30:44
PAY-83F001DC,PAYMENT SUCCESS,2026-08-24 03:37:13
PAY-F0424D73,PAYMENT MONITOR,2026-08-24 03:39:36
ATK-BOT-47C5CC,AUTONOMOUS BLOCK,2026-08-24 04:15:32
ATK-BOT-E40D01,AUTONOMOUS BLOCK,2026-08-24 04:21:02
VIP-PAY-069D12,FAST-PASS APPROVE,2026-08-24 04:21:06
ATK-BOT-8788D4,AUTONOMOUS BLOCK,2026-08-24 04:28:55
VIP-PAY-C6F692,FAST-PASS APPROVE,2026-08-24 04:29:08
ATK-PRX-456ED9,AUTONOMOUS BLOCK,2026-08-24 04:29:13
ATK-HOP-24B14E,AUTONOMOUS BLOCK,2026-08-24 04:29:17
ATK-HOP-5CC416,AUTONOMOUS BLOCK,2026-08-24 04:29:18
ATK-HOP-864F6A,AUTONOMOUS BLOCK,2026-08-24 04:29:20
ATK-HOP-99162F,AUTONOMOUS BLOCK,2026-08-24 04:29:21
VIP-PAY-CCC906,FAST-PASS APPROVE,2026-08-24 04:29:22
ATK-PRX-75D139,AUTONOMOUS BLOCK,2026-08-24 04:29:24
ATK-HOP-8D262C,AUTONOMOUS BLOCK,2026-08-24 04:29:27
ATK-BOT-D1A1F0,AUTONOMOUS BLOCK,2026-08-24 04:29:29
VIP-PAY-214977,FAST-PASS APPROVE,2026-08-24 04:29:40
ATK-BOT-CDED69,AUTONOMOUS BLOCK,2026-08-24 04:44:56
PAY-3E2EE893,PAYMENT SUCCESS,2026-08-24 19:13:41
ATK-BOT-150045,AUTONOMOUS BLOCK,2026-08-24 19:18:00
PAY-7FDFB8F0,PAYMENT SUCCESS,2026-08-25 03:15:11
ATK-BOT-62B641,AUTONOMOUS BLOCK,2026-08-25 03:18:08
PAY-FB480568,PAYMENT SUCCESS,2026-08-25 03:26:16
PAY-397D305A,PAYMENT SUCCESS,2026-08-25 03:42:32
